image,link
https://www.ikea.com/pl/pl/images/products/pokal-szklanka-szklo-bezbarwne__0713251_pe729361_s3.jpg,https://www.ikea.com/pl/pl/p/-10270478
https://www.ikea.com/pl/pl/images/products/komplement-wklad-do-wysuwanej-tacy-jasnoszary__0617421_pe687943_s3.jpg,https://www.ikea.com/pl/pl/p/-s69277840
https://www.ikea.com/pl/pl/images/products/kolon-ochraniacz-podlogi__0292207_pe425129_s3.jpg,https://www.ikea.com/pl/pl/p/-44881100
https://www.ikea.com/pl/pl/images/products/fantastisk-serwetki-bialy__0736402_pe740508_s3.jpg,https://www.ikea.com/pl/pl/p/-50035752
https://www.ikea.com/pl/pl/images/products/fantastisk-serwetki-czerwony__0085756_pe213579_s3.jpg,https://www.ikea.com/pl/pl/p/-10523895
https://www.ikea.com/pl/pl/images/products/familj-recznik-kuchenny-wzor-jaskrawozielony-bialy__1089080_pe861407_s3.jpg,https://www.ikea.com/pl/pl/p/-40530743
https://www.ikea.com/pl/pl/images/products/smaksinne-serwetki-wielobarwny-kwiat__0618350_pe688448_s3.jpg,https://www.ikea.com/pl/pl/p/-70478814
https://www.ikea.com/pl/pl/images/products/storaetare-serwetki-bialy__0713166_pe729310_s3.jpg,https://www.ikea.com/pl/pl/p/-30459167
https://www.ikea.com/pl/pl/images/products/rinnig-scierka-bialy-ciemnoszary-wzor__0813216_pe772338_s3.jpg,https://www.ikea.com/pl/pl/p/-20476346
https://www.ikea.com/pl/pl/images/products/sandviva-rekawica-silikon-niebieski__0790740_pe764366_s3.jpg,https://www.ikea.com/pl/pl/p/-10464382
https://www.ikea.com/pl/pl/images/products/sandviva-scierka-niebieski__0790746_pe764371_s3.jpg,https://www.ikea.com/pl/pl/p/-80464388
https://www.ikea.com/pl/pl/images/products/legitim-deska-do-krojenia-bialy__0712856_pe729106_s3.jpg,https://www.ikea.com/pl/pl/p/-90202268
https://www.ikea.com/pl/pl/images/products/kroesamos-serwetki-zolty__1080660_pe858138_s3.jpg,https://www.ikea.com/pl/pl/p/-20531814
https://www.ikea.com/pl/pl/images/products/fantastisk-serwetki-zolty__0713150_pe729294_s3.jpg,https://www.ikea.com/pl/pl/p/-40397942
https://www.ikea.com/pl/pl/images/products/proppmaett-deska-do-krojenia-buk__0711763_pe728455_s3.jpg,https://www.ikea.com/pl/pl/p/-50233422
https://www.ikea.com/pl/pl/images/products/proppmaett-deska-do-krojenia-buk__0711760_pe728452_s3.jpg,https://www.ikea.com/pl/pl/p/-30233418
https://www.ikea.com/pl/pl/images/products/artistisk-deska-do-krojenia-dab__1015812_pe835955_s3.jpg,https://www.ikea.com/pl/pl/p/-80511083
https://www.ikea.com/pl/pl/images/products/fascinera-deska-do-krojenia-akacja__0956508_pe804692_s3.jpg,https://www.ikea.com/pl/pl/p/-40503363
https://www.ikea.com/pl/pl/images/products/nyskoeljd-podkladka-do-suszenia-naczyn-ciemnoszary__0722169_pe733496_s3.jpg,https://www.ikea.com/pl/pl/p/-00451059
https://www.ikea.com/pl/pl/images/products/rinnig-sciereczka-do-naczyn-szary__0956199_pe804602_s3.jpg,https://www.ikea.com/pl/pl/p/-50496296
https://www.ikea.com/pl/pl/images/products/mariatheres-sciereczka-do-naczyn-szary-bezowy__0923598_pe788347_s3.jpg,https://www.ikea.com/pl/pl/p/-10479595
https://www.ikea.com/pl/pl/images/products/vaelvardad-suszarka-do-naczyn-bezowy-galwanizowano__0957077_pe804905_s3.jpg,https://www.ikea.com/pl/pl/p/-00430142
https://www.ikea.com/pl/pl/images/products/pampig-uchwyt-na-reczniki-buk__0428522_pe594257_s3.jpg,https://www.ikea.com/pl/pl/p/-50335091
https://www.ikea.com/pl/pl/images/products/mariatheres-scierka-paski-szary-bezowy__0918036_pe786100_s3.jpg,https://www.ikea.com/pl/pl/p/-70479583
https://www.ikea.com/pl/pl/images/products/mariatheres-scierka-szary__0918026_pe786094_s3.jpg,https://www.ikea.com/pl/pl/p/-80479592
https://www.ikea.com/pl/pl/images/products/ombonad-obrus-naturalny-bezowy__1062930_pe851127_s3.jpg,https://www.ikea.com/pl/pl/p/-50508911
https://www.ikea.com/pl/pl/images/products/lyckad-naczynie-zaroodporne-2-szt-ciemnoszary__0916171_pe785011_s3.jpg,https://www.ikea.com/pl/pl/p/-00464429
https://www.ikea.com/pl/pl/images/products/ikea-365-pojemnik-na-zywnosc-z-pokrywka-prostokat-szklo-bambus__0594317_pe675640_s3.jpg,https://www.ikea.com/pl/pl/p/-s09269065
https://www.ikea.com/pl/pl/images/products/ikea-365-pojemnik-na-zywnosc-z-pokrywka-prostokat-szklo-bambus__0594327_pe675652_s3.jpg,https://www.ikea.com/pl/pl/p/-s49269068
https://www.ikea.com/pl/pl/images/products/laettviktig-naczynie-zaroodporne-bialy__0708583_pe734989_s3.jpg,https://www.ikea.com/pl/pl/p/-80452106
https://www.ikea.com/pl/pl/images/products/eklatant-sloik-z-pokrywka-szklo-bezbarwne-bambus__0427267_pe582740_s3.jpg,https://www.ikea.com/pl/pl/p/-10376601
https://www.ikea.com/pl/pl/images/products/eklatant-sloik-z-pokrywka-szklo-bezbarwne-bambus__0427299_pe582763_s3.jpg,https://www.ikea.com/pl/pl/p/-90376602
https://www.ikea.com/pl/pl/images/products/vardagen-sloik-z-pokrywka-szklo-bezbarwne__0713736_pe729735_s3.jpg,https://www.ikea.com/pl/pl/p/-00291928
https://www.ikea.com/pl/pl/images/products/uppskattning-chlebak-okleina-bambusowa__0944447_pe797264_s3.jpg,https://www.ikea.com/pl/pl/p/-70491716
https://www.ikea.com/pl/pl/images/products/bumerang-wieszak-bialy__0710668_pe727699_s3.jpg,https://www.ikea.com/pl/pl/p/-70238541
https://www.ikea.com/pl/pl/images/products/alfta-samoprzylepny-haczyk-do-ramy-bialy__0816266_pe777955_s3.jpg,https://www.ikea.com/pl/pl/p/-50382841
https://www.ikea.com/pl/pl/images/products/krama-recznik-bialy__0711390_pe728181_s3.jpg,https://www.ikea.com/pl/pl/p/-40054538
https://www.ikea.com/pl/pl/images/products/sekiner-hak-na-drzwi-bialy__0992055_pe819778_s3.jpg,https://www.ikea.com/pl/pl/p/-60498110
https://www.ikea.com/pl/pl/images/products/lillangen-wieszak-na-drzwi-stal-nierdz__0119326_pe275531_s3.jpg,https://www.ikea.com/pl/pl/p/-10197671
https://www.ikea.com/pl/pl/images/products/enudden-wieszak-na-drzwi-bialy__0710492_pe727593_s3.jpg,https://www.ikea.com/pl/pl/p/-60251665
https://www.ikea.com/pl/pl/images/products/ranen-pojemnik-na-mydlo-hak-do-prysznica__1152822_pe885472_s3.jpg,https://www.ikea.com/pl/pl/p/-50532949
https://www.ikea.com/pl/pl/images/products/tisken-kosz-z-przyssawkami-bialy__0749052_pe745413_s3.jpg,https://www.ikea.com/pl/pl/p/-40381253
https://www.ikea.com/pl/pl/images/products/tisken-wieszak-z-przyssawka-bialy__0749067_pe745422_s3.jpg,https://www.ikea.com/pl/pl/p/-70381275
https://www.ikea.com/pl/pl/images/products/lillasjoen-wieszak-na-reczniki-na-drzwi__0947942_pe798779_s3.jpg,https://www.ikea.com/pl/pl/p/-70477956
https://www.ikea.com/pl/pl/images/products/tisken-wieszak-z-przyssawka-bialy__0749055_pe745416_s3.jpg,https://www.ikea.com/pl/pl/p/-40381286
https://www.ikea.com/pl/pl/images/products/skogsviken-hak-na-drzwi-czarny__0833424_pe778066_s3.jpg,https://www.ikea.com/pl/pl/p/-20423819
https://www.ikea.com/pl/pl/images/products/silvtjaern-pojemnik__1140110_pe880634_s3.jpg,https://www.ikea.com/pl/pl/p/-30501920
https://www.ikea.com/pl/pl/images/products/starreklinte-dywan-tkany-na-plasko-naturalny-jasnozielony__1074497_pe856212_s3.jpg,https://www.ikea.com/pl/pl/p/-70507901
https://www.ikea.com/pl/pl/images/products/oksby-wycieraczka-szary__0542327_pe653982_s3.jpg,https://www.ikea.com/pl/pl/p/-90377705
https://www.ikea.com/pl/pl/images/products/vattenverk-wycieraczka-wewnetrzna-ciemnoszary__1046430_pe842962_s3.jpg,https://www.ikea.com/pl/pl/p/-00517017
https://www.ikea.com/pl/pl/images/products/morum-dywan-tk-pl-wewn-zewn-ciemnoszary__0123534_pe279670_s3.jpg,https://www.ikea.com/pl/pl/p/-10203573
https://www.ikea.com/pl/pl/images/products/stopp-filt-antyposlizgowa-podkladka-pod-dywan__0603122_pe680682_s3.jpg,https://www.ikea.com/pl/pl/p/-90132261
https://www.ikea.com/pl/pl/images/products/stopp-podkladka-antyposlizgowa__0603121_pe680683_s3.jpg,https://www.ikea.com/pl/pl/p/-90549052
https://www.ikea.com/pl/pl/images/products/manstrup-dywan-z-krotkim-wlosiem-szary-patynowany-kwiatowy-wzor__0718747_pe731644_s3.jpg,https://www.ikea.com/pl/pl/p/-90449260
https://www.ikea.com/pl/pl/images/products/toftbo-dywanik-lazienkowy-szarobialy-melanz__0640938_pe700145_s3.jpg,https://www.ikea.com/pl/pl/p/-90422251
https://www.ikea.com/pl/pl/images/products/almtjaern-dywanik-lazienkowy-bezowy__0933478_pe792034_s3.jpg,https://www.ikea.com/pl/pl/p/-40489423
https://www.ikea.com/pl/pl/images/products/almtjaern-dywanik-lazienkowy-ciemnoszary__0927765_pe789697_s3.jpg,https://www.ikea.com/pl/pl/p/-60489422
https://www.ikea.com/pl/pl/images/products/dragan-pudelko-3-szt-bambus__0711881_pe728531_s3.jpg,https://www.ikea.com/pl/pl/p/-50281856
https://www.ikea.com/pl/pl/images/products/dragan-komplet-lazienkowy-4-szt-bambus__0711858_pe728526_s3.jpg,https://www.ikea.com/pl/pl/p/-40222607
https://www.ikea.com/pl/pl/images/products/lassbyn-lustro-stolowe-zloty-kolor__0798859_pe767407_s3.jpg,https://www.ikea.com/pl/pl/p/-30471032
https://www.ikea.com/pl/pl/images/products/slibb-torba-na-rzeczy-do-prania-2-szt-bialy__0970947_pe811168_s3.jpg,https://www.ikea.com/pl/pl/p/-60441114
https://www.ikea.com/pl/pl/images/products/slibb-torba-na-pranie-bialy__0970948_pe811169_s3.jpg,https://www.ikea.com/pl/pl/p/-50430432
https://www.ikea.com/pl/pl/images/products/titta-djur-pacynka-rozne-kolory__0714444_pe730093_s3.jpg,https://www.ikea.com/pl/pl/p/-10159278
https://www.ikea.com/pl/pl/images/products/lillabo-ciezarowki-rozne-kolory__0712399_pe728815_s3.jpg,https://www.ikea.com/pl/pl/p/-40171472
https://www.ikea.com/pl/pl/images/products/plufsig-skladana-mata-gimnastyczna-niebieski__0524770_pe644542_s3.jpg,https://www.ikea.com/pl/pl/p/-10404557
https://www.ikea.com/pl/pl/images/products/duktig-kosz-warzyw-14-szt__0712393_pe728809_s3.jpg,https://www.ikea.com/pl/pl/p/-10185748
https://www.ikea.com/pl/pl/images/products/trofast-regal-z-pojemnikami-bialy-szary__0807381_pe770402_s3.jpg,https://www.ikea.com/pl/pl/p/-s09328791
https://www.ikea.com/pl/pl/images/products/hoevlig-namiot-dzieciecy__1061897_pe850586_s3.jpg,https://www.ikea.com/pl/pl/p/-80534876
https://www.ikea.com/pl/pl/images/products/baenkkamrat-poduszka-na-lawke-wzor-w-kropki__0830876_pe777719_s3.jpg,https://www.ikea.com/pl/pl/p/-80461889
https://www.ikea.com/pl/pl/images/products/len-przescieradlo-z-gumka-bialy__0604970_pe681554_s3.jpg,https://www.ikea.com/pl/pl/p/-10465268
https://www.ikea.com/pl/pl/images/products/rosenskaerm-poduszka-ergonomiczna-sen-bok-plecy__0722542_pe733642_s3.jpg,https://www.ikea.com/pl/pl/p/-90444366
https://www.ikea.com/pl/pl/images/products/luddros-ochraniacz-na-materac__0789885_pe764184_s3.jpg,https://www.ikea.com/pl/pl/p/-50461635
https://www.ikea.com/pl/pl/images/products/sotnaetfjaeril-wodoodporny-ochraniacz-na-materac__1075434_pe856486_s3.jpg,https://www.ikea.com/pl/pl/p/-90531288
https://www.ikea.com/pl/pl/images/products/grusnarv-wodoodporny-ochraniacz-na-materac__0790191_pe764297_s3.jpg,https://www.ikea.com/pl/pl/p/-60522129
https://www.ikea.com/pl/pl/images/products/odonvide-koldra-obciazeniowa-letnia-ciemnoszary__0978805_pe814277_s3.jpg,https://www.ikea.com/pl/pl/p/-80503323
https://www.ikea.com/pl/pl/images/products/huvudroll-klopsiki-mrozone__0928072_pe789720_s3.jpg,https://www.ikea.com/pl/pl/p/-40487787
https://www.ikea.com/pl/pl/images/products/riklig-czajniczek-szklo__0713346_pe729458_s3.jpg,https://www.ikea.com/pl/pl/p/-40297848
https://www.ikea.com/pl/pl/images/products/riklig-czajniczek-szklo__1115270_pe872004_s3.jpg,https://www.ikea.com/pl/pl/p/-90150071
https://www.ikea.com/pl/pl/images/products/ofantligt-kubek-bialy__0711053_pe727928_s3.jpg,https://www.ikea.com/pl/pl/p/-00319022
https://www.ikea.com/pl/pl/images/products/backig-kubek-czarny__0916125_pe784988_s3.jpg,https://www.ikea.com/pl/pl/p/-60475335
https://www.ikea.com/pl/pl/images/products/ikea-365-kubek-szklo-bezbarwne__0713425_pe729518_s3.jpg,https://www.ikea.com/pl/pl/p/-90279724
https://www.ikea.com/pl/pl/images/products/ikea-365-podkladka-pod-kieliszek-korek__0367593_pe549315_s3.jpg,https://www.ikea.com/pl/pl/p/-50282945
https://www.ikea.com/pl/pl/images/products/sedlig-sztucce-salatkowe-2-szt-stal-nierdz__0713286_pe729409_s3.jpg,https://www.ikea.com/pl/pl/p/-10203375
https://www.ikea.com/pl/pl/images/products/kroesamos-szczypce-do-serwowania-stal-nierdz__1080814_pe858196_s3.jpg,https://www.ikea.com/pl/pl/p/-80531811
https://www.ikea.com/pl/pl/images/products/kroesamos-talerz-czarny__1080650_pe858131_s3.jpg,https://www.ikea.com/pl/pl/p/-10531800
https://www.ikea.com/pl/pl/images/products/kroesamos-miska-czarny__1080805_pe858189_s3.jpg,https://www.ikea.com/pl/pl/p/-50531799
https://www.ikea.com/pl/pl/images/products/roedeby-podstawka-na-podlokietnik-bambus__0976295_pe813137_s3.jpg,https://www.ikea.com/pl/pl/p/-40417577
https://www.ikea.com/pl/pl/images/products/ombonad-taca-orzech__1028150_pe835259_s3.jpg,https://www.ikea.com/pl/pl/p/-50504734
https://www.ikea.com/pl/pl/images/products/bronssopp-taca-na-kanapki-bambus__0406339_pe569259_s3.jpg,https://www.ikea.com/pl/pl/p/-30321556
https://www.ikea.com/pl/pl/images/products/kroesamos-polmisek-czarny__1080809_pe858191_s3.jpg,https://www.ikea.com/pl/pl/p/-10531796
https://www.ikea.com/pl/pl/images/products/gladelig-talerzyk-szary__0799750_pe767616_s3.jpg,https://www.ikea.com/pl/pl/p/-10457145
https://www.ikea.com/pl/pl/images/products/frikostig-talerzyk-bialy-wzor__0849082_pe779223_s3.jpg,https://www.ikea.com/pl/pl/p/-50469405
https://www.ikea.com/pl/pl/images/products/ombonad-talerzyk-ciemnoszary__1062765_pe850994_s3.jpg,https://www.ikea.com/pl/pl/p/-60502961
https://www.ikea.com/pl/pl/images/products/faergklar-talerzyk-matowy-ciemnoszary__1010281_pe828010_s3.jpg,https://www.ikea.com/pl/pl/p/-00479421
https://www.ikea.com/pl/pl/images/products/strimmig-talerzyk-ceramika-szary__1028066_pe835198_s3.jpg,https://www.ikea.com/pl/pl/p/-80505647
https://www.ikea.com/pl/pl/images/products/faergklar-talerz-gleboki-matowy-ciemnoszary__1009817_pe827757_s3.jpg,https://www.ikea.com/pl/pl/p/-00479379
https://www.ikea.com/pl/pl/images/products/ikea-365-miska-podstawka-na-jajko-zaokraglone-boki-bialy__0720598_pe732693_s3.jpg,https://www.ikea.com/pl/pl/p/-40282998
https://www.ikea.com/pl/pl/images/products/faergklar-miska-matowy-ciemnoszary__1009743_pe827716_s3.jpg,https://www.ikea.com/pl/pl/p/-20479359
https://www.ikea.com/pl/pl/images/products/ombonad-miska-ciemnoszary__1062740_pe850974_s3.jpg,https://www.ikea.com/pl/pl/p/-20502963
https://www.ikea.com/pl/pl/images/products/ombonad-talerz-ciemnoszary__1062747_pe850979_s3.jpg,https://www.ikea.com/pl/pl/p/-20502958
https://www.ikea.com/pl/pl/images/products/faergklar-talerz-matowy-ciemnoszary__1010247_pe827989_s3.jpg,https://www.ikea.com/pl/pl/p/-00479713
https://www.ikea.com/pl/pl/images/products/faergklar-talerz-matowy-ciemnoszary__1010263_pe827997_s3.jpg,https://www.ikea.com/pl/pl/p/-20483790
https://www.ikea.com/pl/pl/images/products/ikea-365-vaerdefull-obieraczka-do-ziemniakow-czarny__0713035_pe729214_s3.jpg,https://www.ikea.com/pl/pl/p/-30175140
https://www.ikea.com/pl/pl/images/products/staem-otwieracz-do-konserw-czerwony-bialy-czarny__0713123_pe729241_s3.jpg,https://www.ikea.com/pl/pl/p/-20233249
https://www.ikea.com/pl/pl/images/products/maerkbart-nozyczki-2-szt__0711774_pe728443_s3.jpg,https://www.ikea.com/pl/pl/p/-40328557
https://www.ikea.com/pl/pl/images/products/kvalificera-nozyczki__0713054_pe729233_s3.jpg,https://www.ikea.com/pl/pl/p/-80329098
https://www.ikea.com/pl/pl/images/products/koncis-otwieracz-do-konserw-stal-nierdz__0713018_pe729197_s3.jpg,https://www.ikea.com/pl/pl/p/-00081534
https://www.ikea.com/pl/pl/images/products/ikea-365-tarka-czarny__0739774_pe741877_s3.jpg,https://www.ikea.com/pl/pl/p/-60422318
https://www.ikea.com/pl/pl/images/products/grilltider-pedzel-do-grilla-silikon__0712961_pe729188_s3.jpg,https://www.ikea.com/pl/pl/p/-00444554
https://www.ikea.com/pl/pl/images/products/trojka-nozyczki-3-szt-wielobarwny__0711776_pe728425_s3.jpg,https://www.ikea.com/pl/pl/p/-70337720
https://www.ikea.com/pl/pl/images/products/ikea-365-vaerdefull-otwieracz-do-konserw-czarny__0713051_pe729230_s3.jpg,https://www.ikea.com/pl/pl/p/-80152155
https://www.ikea.com/pl/pl/images/products/idealisk-korkociag-srebrny-matowy__0713023_pe729202_s3.jpg,https://www.ikea.com/pl/pl/p/-10149029
https://www.ikea.com/pl/pl/images/products/koncis-zaokraglona-trzepaczka-stal-nierdz__0713025_pe729204_s3.jpg,https://www.ikea.com/pl/pl/p/-10225952
https://www.ikea.com/pl/pl/images/products/genomsnitt-waga__0987700_pe817635_s3.jpg,https://www.ikea.com/pl/pl/p/-40480154
https://www.ikea.com/pl/pl/images/products/bakglad-pedzelek-do-ciasta-bezowy-niebieski__0957935_pe805162_s3.jpg,https://www.ikea.com/pl/pl/p/-60485551
https://www.ikea.com/pl/pl/images/products/vinterfint-lopatka-2-szt-bambus-silikon-czerwony__1091096_pe862307_s3.jpg,https://www.ikea.com/pl/pl/p/-70529644
https://www.ikea.com/pl/pl/images/products/laettbakad-pedzelek-do-ciasta-bezowy__0986770_pe817340_s3.jpg,https://www.ikea.com/pl/pl/p/-70485268
https://www.ikea.com/pl/pl/images/products/bakglad-lopatka-gumowa-bezowy-niebieski__0957939_pe805170_s3.jpg,https://www.ikea.com/pl/pl/p/-20485548
https://www.ikea.com/pl/pl/images/products/laemplig-podstawka-stal-nierdz__0711759_pe728451_s3.jpg,https://www.ikea.com/pl/pl/p/-30111087
https://www.ikea.com/pl/pl/images/products/heat-podstawka-korek__0712344_pe728747_s3.jpg,https://www.ikea.com/pl/pl/p/-87077700
https://www.ikea.com/pl/pl/images/products/vispad-miska-2-szt-bialy__0711811_pe728490_s3.jpg,https://www.ikea.com/pl/pl/p/-50421791
https://www.ikea.com/pl/pl/images/products/familj-uchwyt-na-reczniki-antracyt__1107753_pe869131_s3.jpg,https://www.ikea.com/pl/pl/p/-20530744
https://www.ikea.com/pl/pl/images/products/rinnig-uchwyt-na-talerze__0712690_pe728975_s3.jpg,https://www.ikea.com/pl/pl/p/-70387258
https://www.ikea.com/pl/pl/images/products/rinnig-suszarka-do-naczyn-dwustronna__0712860_pe729107_s3.jpg,https://www.ikea.com/pl/pl/p/-10387261
https://www.ikea.com/pl/pl/images/products/strandfly-forma-z-wyjmowanym-dnem-ciemnoszary__1100035_pe866044_s3.jpg,https://www.ikea.com/pl/pl/p/-90522302
https://www.ikea.com/pl/pl/images/products/lerflundra-ochraniacz-na-zywnosc-zielony__1154567_pe886192_s3.jpg,https://www.ikea.com/pl/pl/p/-80551074
https://www.ikea.com/pl/pl/images/products/gruppera-serwetka-bialy-czarny__0715483_pe730485_s3.jpg,https://www.ikea.com/pl/pl/p/-50357728
https://www.ikea.com/pl/pl/images/products/ikea-365-sloik-z-pokrywka-szklo-bambus__0610739_pe685087_s3.jpg,https://www.ikea.com/pl/pl/p/-s99276778
https://www.ikea.com/pl/pl/images/products/mjukdan-koldra-ciepla__0973273_pe811970_s3.jpg,https://www.ikea.com/pl/pl/p/-30503274
https://www.ikea.com/pl/pl/images/products/linnmon-adils-stol-bialy__0737165_pe740925_s3.jpg,https://www.ikea.com/pl/pl/p/-s29932181
https://www.ikea.com/pl/pl/images/products/groenamarant-poduszka-wysoka__0789255_pe763884_s3.jpg,https://www.ikea.com/pl/pl/p/-20460411
https://www.ikea.com/pl/pl/images/products/nattjasmin-poszwa-na-koldre-i-2-poszewki-bialy__0605699_pe681825_s3.jpg,https://www.ikea.com/pl/pl/p/-60337160
https://www.ikea.com/pl/pl/images/products/ullvide-przescieradlo-z-gumka-szary__0604097_pe681038_s3.jpg,https://www.ikea.com/pl/pl/p/-30336954
https://www.ikea.com/pl/pl/images/products/dvala-przescieradlo-z-gumka-jasnoszary__0811765_pe771834_s3.jpg,https://www.ikea.com/pl/pl/p/-40482450
https://www.ikea.com/pl/pl/images/products/roennveckmal-przescieradlo-szary__1086556_pe860521_s3.jpg,https://www.ikea.com/pl/pl/p/-00537143
https://www.ikea.com/pl/pl/images/products/roennveckmal-przescieradlo-bialy__1086559_pe860518_s3.jpg,https://www.ikea.com/pl/pl/p/-20532677
https://www.ikea.com/pl/pl/images/products/staenkregn-lampa-pierscieniowa-led-mozna-przyciemniac-turkusowy__1119273_pe873447_s3.jpg,https://www.ikea.com/pl/pl/p/-00542154
https://www.ikea.com/pl/pl/images/products/lanespelare-lampa-pierscieniowa-uchw-na-telefon__0971505_pe811368_s3.jpg,https://www.ikea.com/pl/pl/p/-10514358
https://www.ikea.com/pl/pl/images/products/barometer-lampa-biurkowa-kolor-mosiadzu__0549308_pe657633_s3.jpg,https://www.ikea.com/pl/pl/p/-00358037
https://www.ikea.com/pl/pl/images/products/ranarp-lampa-biurkowa-kremowy__0610455_pe685514_s3.jpg,https://www.ikea.com/pl/pl/p/-30231315
https://www.ikea.com/pl/pl/images/products/tertial-lampa-biurkowa-bialy__0609308_pe684439_s3.jpg,https://www.ikea.com/pl/pl/p/-70355455
https://www.ikea.com/pl/pl/images/products/blidvaeder-lampa-stolowa-kremowy-ceramika-bezowy__1059594_pe849715_s3.jpg,https://www.ikea.com/pl/pl/p/-80501258
https://www.ikea.com/pl/pl/images/products/ringsta-skaftet-lampa-stolowa-bialy-mosiadz__0856872_pe780843_s3.jpg,https://www.ikea.com/pl/pl/p/-s49385685
https://www.ikea.com/pl/pl/images/products/taernaby-lampa-stolowa-bezowy__1016210_pe830263_s3.jpg,https://www.ikea.com/pl/pl/p/-60508072
https://www.ikea.com/pl/pl/images/products/ropudden-lampa-stolowa-kopula__0730464_pe737576_s3.jpg,https://www.ikea.com/pl/pl/p/-10462651
https://www.ikea.com/pl/pl/images/products/markfrost-molnart-lampa-stolowa-z-zarowka-marmur-czarny-ksztalt-dzwonu-brazowe-szklo-przezroczyste__1120858_pe873994_s3.jpg,https://www.ikea.com/pl/pl/p/-s79491340
https://www.ikea.com/pl/pl/images/products/ranarp-lampa-biurkowa-czarny__0610458_pe685517_s3.jpg,https://www.ikea.com/pl/pl/p/-50331385
https://www.ikea.com/pl/pl/images/products/solarvet-girlanda-led-24-lampki-zewnetrzne-na-baterie-sloneczna-kula-bialy__0634551_pe696569_s3.jpg,https://www.ikea.com/pl/pl/p/-00421406
https://www.ikea.com/pl/pl/images/products/hattefjaell-krzeslo-biurowe-z-podlokietnikami-gunnared-bezowy__1019089_pe831297_s3.jpg,https://www.ikea.com/pl/pl/p/-00494501
https://www.ikea.com/pl/pl/images/products/solhetta-zarowka-led-e27-470-lumenow-kula-przezroczysta__0988844_pe818260_s3.jpg,https://www.ikea.com/pl/pl/p/-00498660
https://www.ikea.com/pl/pl/images/products/risholmen-fotel-uszak-wewn-zewn-brazowy__1066138_pe852308_s3.jpg,https://www.ikea.com/pl/pl/p/-00503794
https://www.ikea.com/pl/pl/images/products/langfjaell-krzeslo-konferencyjne-gunnared-bezowy-bialy__0725407_pe734839_s3.jpg,https://www.ikea.com/pl/pl/p/-s09252343
https://www.ikea.com/pl/pl/images/products/langfjaell-krzeslo-konferencyjne-gunnared-bezowy-bialy__0725408_pe734840_s3.jpg,https://www.ikea.com/pl/pl/p/-s09252480
https://www.ikea.com/pl/pl/images/products/segeroen-krzeslo-z-podlokietnikami-ogr-ciemnozielony__1138767_pe880069_s3.jpg,https://www.ikea.com/pl/pl/p/-10514754
https://www.ikea.com/pl/pl/images/products/kuttersmycke-zegar-czarny__1061216_pe850323_s3.jpg,https://www.ikea.com/pl/pl/p/-10520514
https://www.ikea.com/pl/pl/images/products/strala-klosz-bialy-zloty-kolor-kropki__1090411_pe862057_s3.jpg,https://www.ikea.com/pl/pl/p/-10532220
https://www.ikea.com/pl/pl/images/products/lunnom-zarowka-led-e27-470-lumenow-mozna-przyciemniac-kula-szklo-bezbarwne__1086110_pe860355_s3.jpg,https://www.ikea.com/pl/pl/p/-10539368
https://www.ikea.com/pl/pl/images/products/bondis-zegar-niskie-napiecie-czarny__0638616_pe699035_s3.jpg,https://www.ikea.com/pl/pl/p/-10543092
https://www.ikea.com/pl/pl/images/products/hoegsten-krzeslo-z-podlokietnikami-ogr-bialy__0134124_pe290006_s3.jpg,https://www.ikea.com/pl/pl/p/-20209862
https://www.ikea.com/pl/pl/images/products/solhetta-zarowka-led-e27-1521-lumenow-mozna-przyciemniac-kula-opalowa-biel__0989131_pe818397_s3.jpg,https://www.ikea.com/pl/pl/p/-20509993
https://www.ikea.com/pl/pl/images/products/langfjaell-krzeslo-konferencyjne-z-podlokiet-gunnared-bezowy-bialy__0725411_pe734843_s3.jpg,https://www.ikea.com/pl/pl/p/-s29252549
https://www.ikea.com/pl/pl/images/products/sundsoe-stol-2-krzesla-na-zewnatrz-szary-szary__1035563_pe838184_s3.jpg,https://www.ikea.com/pl/pl/p/-s29434922
https://www.ikea.com/pl/pl/images/products/bondholmen-fotel-ogrodowy-szary__0776109_pe757718_s3.jpg,https://www.ikea.com/pl/pl/p/-30420660
https://www.ikea.com/pl/pl/images/products/solhetta-zarowka-led-e27-470-lumenow-kula-opalowa-biel__0988838_pe818254_s3.jpg,https://www.ikea.com/pl/pl/p/-30498569
https://www.ikea.com/pl/pl/images/products/svartra-girlanda-led-12-lampek-czarny-zewnetrzne__1068980_pe853701_s3.jpg,https://www.ikea.com/pl/pl/p/-30521800
https://www.ikea.com/pl/pl/images/products/vaesman-krzeslo-z-podlokietnikami-ogr-czarny__0133901_pe289641_s3.jpg,https://www.ikea.com/pl/pl/p/-40211637
https://www.ikea.com/pl/pl/images/products/tradfri-zarowka-led-e27-250-lumenow-smart-bezprzewodowy-przyciemniany-cieply-bialy-kula__0806534_pe769986_s3.jpg,https://www.ikea.com/pl/pl/p/-40439254
https://www.ikea.com/pl/pl/images/products/tradfri-zarowka-led-e27-1055-lumenow-smart-bezprzewodowy-przyciemniany-biale-spektrum-kula__0962662_pe808180_s3.jpg,https://www.ikea.com/pl/pl/p/-40486783
https://www.ikea.com/pl/pl/images/products/jaervfjaellet-krzeslo-biurowe-z-podlokietnikami-grann-bialy__1078845_pe857303_s3.jpg,https://www.ikea.com/pl/pl/p/-40521852
https://www.ikea.com/pl/pl/images/products/rotbloeta-zegar-niskie-napiecie-okleina-jesionowa-jasnoszary__0752494_pe747443_s3.jpg,https://www.ikea.com/pl/pl/p/-40540855
https://www.ikea.com/pl/pl/images/products/langfjaell-krzeslo-konferencyjne-z-podlokiet-gunnared-bezowy-bialy__0725412_pe734844_s3.jpg,https://www.ikea.com/pl/pl/p/-s49252765
https://www.ikea.com/pl/pl/images/products/hoegsten-fotel-ogrodowy-bialy__0134126_pe290008_s3.jpg,https://www.ikea.com/pl/pl/p/-50209865
https://www.ikea.com/pl/pl/images/products/alefjaell-krzeslo-biurowe-grann-bezowy__0724710_pe734592_s3.jpg,https://www.ikea.com/pl/pl/p/-50308686
https://www.ikea.com/pl/pl/images/products/livsar-girlanda-led-12-lampek-do-wnetrz-na-baterie-szary-bialy__0658394_pe710185_s3.jpg,https://www.ikea.com/pl/pl/p/-50421357
https://www.ikea.com/pl/pl/images/products/bondholmen-fotel-bujany-ogrodowy-szary__0958668_pe805407_s3.jpg,https://www.ikea.com/pl/pl/p/-50479065
https://www.ikea.com/pl/pl/images/products/strala-klosz-koronka-bialy__0430597_pe584694_s3.jpg,https://www.ikea.com/pl/pl/p/-60532232
https://www.ikea.com/pl/pl/images/products/lunnom-zarowka-led-e27-150-lumenow-kula-przezroczysta__1086081_pe860339_s3.jpg,https://www.ikea.com/pl/pl/p/-60539304
https://www.ikea.com/pl/pl/images/products/loberget-malskaer-krzeslo-obrotowe-poduszka-bialy-czarny-ciemnoszary__0814590_pe772620_s3.jpg,https://www.ikea.com/pl/pl/p/-s69331936
https://www.ikea.com/pl/pl/images/products/taernoe-stol-2-krzesla-na-zewnatrz-czarny-bejca-jasnobrazowa__0736028_pe740355_s3.jpg,https://www.ikea.com/pl/pl/p/-s69898415
https://www.ikea.com/pl/pl/images/products/tradfri-zarowka-led-e27-806-lumenow-smart-bezprzewodowy-przyciemniany-barwne-i-biale-spektrum-kula__0794435_pe765626_s3.jpg,https://www.ikea.com/pl/pl/p/-70439158
https://www.ikea.com/pl/pl/images/products/strala-klosz-kolor-mosiadzu-paski__1090407_pe862055_s3.jpg,https://www.ikea.com/pl/pl/p/-70532222
https://www.ikea.com/pl/pl/images/products/klockis-zegar-termometr-budzik-czasomierz-bialy__0637382_pe698266_s3.jpg,https://www.ikea.com/pl/pl/p/-80277004
https://www.ikea.com/pl/pl/images/products/bondholmen-fotel-ogrodowy-szara-bejca-froesoen-duvholmen-ciemnoszary__0806139_pe769810_s3.jpg,https://www.ikea.com/pl/pl/p/-s89320847
https://www.ikea.com/pl/pl/images/products/tradfri-zarowka-led-e27-806-lumenow-smart-bezprzewodowy-przyciemniany-cieply-bialy-kula__0753611_pe747640_s3.jpg,https://www.ikea.com/pl/pl/p/-90408797
https://www.ikea.com/pl/pl/images/products/hattefjaell-krzeslo-biurowe-z-podlokietnikami-gunnared-srednioszary__1019093_pe831300_s3.jpg,https://www.ikea.com/pl/pl/p/-90494511
https://www.ikea.com/pl/pl/images/products/solhetta-zarowka-led-e27-1055-lumenow-mozna-przyciemniac-kula-opalowa-biel__0988985_pe818300_s3.jpg,https://www.ikea.com/pl/pl/p/-90498694
https://www.ikea.com/pl/pl/images/products/strala-klosz-kolor-mosiadzu-paski__1090409_pe862053_s3.jpg,https://www.ikea.com/pl/pl/p/-90532221
https://www.ikea.com/pl/pl/images/products/lunnom-zarowka-led-e27-150-lumenow-kula-przezroczysta__1086107_pe860352_s3.jpg,https://www.ikea.com/pl/pl/p/-90539345
https://www.ikea.com/pl/pl/images/products/totebo-pinezka-kreslarska-rozowy-zloty-kolor__0920352_pe786989_s3.jpg,https://www.ikea.com/pl/pl/p/-60470205
https://www.ikea.com/pl/pl/images/products/totebo-haczyk-z-magnesem-srebrny__0920353_pe786990_s3.jpg,https://www.ikea.com/pl/pl/p/-30470216
https://www.ikea.com/pl/pl/images/products/totebo-spinacz-do-papieru-z-magnesem-rozowy-zloty-kolor__0799174_pe767583_s3.jpg,https://www.ikea.com/pl/pl/p/-20478246
https://www.ikea.com/pl/pl/images/products/totebo-spinacz-do-papieru-z-magnesem-czarny__0930279_pe790681_s3.jpg,https://www.ikea.com/pl/pl/p/-60470173
https://www.ikea.com/pl/pl/images/products/skadis-tablica-perforowana-bialy__0710682_pe727708_s3.jpg,https://www.ikea.com/pl/pl/p/-00320803
https://www.ikea.com/pl/pl/images/products/totebo-spinacz-do-papieru-z-magnesem-zloty-kolor__0799169_pe767582_s3.jpg,https://www.ikea.com/pl/pl/p/-50470215
https://www.ikea.com/pl/pl/images/products/totebo-spinacz-do-papieru-z-magnesem-srebrny__0997774_pe822754_s3.jpg,https://www.ikea.com/pl/pl/p/-70506888
https://www.ikea.com/pl/pl/images/products/pluggland-koszyk-druciany-2szt-czarny__1075501_pe856499_s3.jpg,https://www.ikea.com/pl/pl/p/-40518864
https://www.ikea.com/pl/pl/images/products/snidad-kosz-rattan__0713103_pe729252_s3.jpg,https://www.ikea.com/pl/pl/p/-30394944
https://www.ikea.com/pl/pl/images/products/tonsaetta-wazon-szary__0704348_pe725339_s3.jpg,https://www.ikea.com/pl/pl/p/-40442195
https://www.ikea.com/pl/pl/images/products/konstfull-wazon-wzor-brazowy__1110125_pe870372_s3.jpg,https://www.ikea.com/pl/pl/p/-80536031
https://www.ikea.com/pl/pl/images/products/tillbringare-dzbanek-szklo-bezbarwne__0711286_pe728103_s3.jpg,https://www.ikea.com/pl/pl/p/-90362407
https://www.ikea.com/pl/pl/images/products/begaerlig-wazon-szklo-bezbarwne__0367304_pe549496_s3.jpg,https://www.ikea.com/pl/pl/p/-10309777
https://www.ikea.com/pl/pl/images/products/konstfull-wazon-szklo-matowe-zielony__1030416_pe836271_s3.jpg,https://www.ikea.com/pl/pl/p/-90511959
https://www.ikea.com/pl/pl/images/products/konstfull-wazon-zielono-brazowy__1030420_pe836274_s3.jpg,https://www.ikea.com/pl/pl/p/-10511963
https://www.ikea.com/pl/pl/images/products/konstfull-wazon-szklo-matowe-czarny__1081152_pe858271_s3.jpg,https://www.ikea.com/pl/pl/p/-70523524
https://www.ikea.com/pl/pl/images/products/sockeraert-wazon-dzbanek-bialy__0091175_pe226468_s3.jpg,https://www.ikea.com/pl/pl/p/-80148465
https://www.ikea.com/pl/pl/images/products/strelitzia-roslina-doniczkowa-rajski-ptak__0836980_pe778631_s3.jpg,https://www.ikea.com/pl/pl/p/-20466253
https://www.ikea.com/pl/pl/images/products/satsumas-stojak-na-doniczke-bambus-bialy__0635815_pe697397_s3.jpg,https://www.ikea.com/pl/pl/p/-40258154
https://www.ikea.com/pl/pl/images/products/satsumas-stojak-na-doniczke-bambus-bialy__0635819_pe697396_s3.jpg,https://www.ikea.com/pl/pl/p/-90258156
https://www.ikea.com/pl/pl/images/products/satsumas-stojak-do-roslin-z-5-doniczkami-bambus-bialy__0635813_pe697395_s3.jpg,https://www.ikea.com/pl/pl/p/-10258155
https://www.ikea.com/pl/pl/images/products/gradvis-doniczka-do-wewnatrz-na-zewnatrz-bialy__1093854_pe863243_s3.jpg,https://www.ikea.com/pl/pl/p/-30523521
https://www.ikea.com/pl/pl/images/products/gradvis-oslonka-doniczki-do-wewnatrz-na-zewnatrz-szary__1010741_pe828357_s3.jpg,https://www.ikea.com/pl/pl/p/-10502930
https://www.ikea.com/pl/pl/images/products/boysenbaer-podstawka-do-wewnatrz-na-zewnatrz-jasnoszary__0951759_pe804339_s3.jpg,https://www.ikea.com/pl/pl/p/-30468379
https://www.ikea.com/pl/pl/images/products/drakfrukt-oslonka-doniczki-do-wewnatrz-na-zewnatrz-kremowy__1146294_pe882986_s3.jpg,https://www.ikea.com/pl/pl/p/-00537973
https://www.ikea.com/pl/pl/images/products/persillade-oslonka-doniczki-ciemnoszary__0808012_pe770653_s3.jpg,https://www.ikea.com/pl/pl/p/-80482518
https://www.ikea.com/pl/pl/images/products/stenhallon-oslonka-doniczki-do-wewnatrz-na-zewnatrz-jasnoszary-bialy__1136335_pe879354_s3.jpg,https://www.ikea.com/pl/pl/p/-00538538
https://www.ikea.com/pl/pl/images/products/daidai-oslonka-doniczki-kolor-mosiadzu__0635632_pe697294_s3.jpg,https://www.ikea.com/pl/pl/p/-90359419
https://www.ikea.com/pl/pl/images/products/daidai-oslonka-doniczki-kolor-mosiadzu__0638858_pe699220_s3.jpg,https://www.ikea.com/pl/pl/p/-70359401
https://www.ikea.com/pl/pl/images/products/knoppaeng-rama-z-plakatem-ogrod__0771328_pe755690_s3.jpg,https://www.ikea.com/pl/pl/p/-40465771
https://www.ikea.com/pl/pl/images/products/silverhoejden-ramka-z-plakatem-zest-4-szt-dream__1061078_pe850242_s3.jpg,https://www.ikea.com/pl/pl/p/-20518092
https://www.ikea.com/pl/pl/images/products/galleriskog-ozdoba-scienna-3-szt-rozne-motywy__1119755_pe873577_s3.jpg,https://www.ikea.com/pl/pl/p/-20538071
https://www.ikea.com/pl/pl/images/products/invaendig-sztuczne-terrarium-kopula__0817882_pe774208_s3.jpg,https://www.ikea.com/pl/pl/p/-30461127
https://www.ikea.com/pl/pl/images/products/begavning-kopula-szklana-z-baza__0904040_pe644667_s3.jpg,https://www.ikea.com/pl/pl/p/-70343938
https://www.ikea.com/pl/pl/images/products/sparlaga-budzik-srebrny__0898240_pe784720_s3.jpg,https://www.ikea.com/pl/pl/p/-20444954
https://www.ikea.com/pl/pl/images/products/filmis-zegar-termometr-budzik-niskie-napiecie-szary__0588934_pe673259_s3.jpg,https://www.ikea.com/pl/pl/p/-50540831
https://www.ikea.com/pl/pl/images/products/kupong-budzik-zielony__0997354_pe822655_s3.jpg,https://www.ikea.com/pl/pl/p/-30358781
https://www.ikea.com/pl/pl/images/products/filmis-zegar-termometr-budzik-niskie-napiecie-czarny__0588935_pe673258_s3.jpg,https://www.ikea.com/pl/pl/p/-30540827
https://www.ikea.com/pl/pl/images/products/knapper-lustro-stojace-bialy__0594294_pe676198_s3.jpg,https://www.ikea.com/pl/pl/p/-00396242
https://www.ikea.com/pl/pl/images/products/lindbyn-lustro-zloty-kolor__0956577_pe804709_s3.jpg,https://www.ikea.com/pl/pl/p/-90485597
https://www.ikea.com/pl/pl/images/products/almaroed-lustro-czarny__1061221_pe850328_s3.jpg,https://www.ikea.com/pl/pl/p/-00459135
https://www.ikea.com/pl/pl/images/products/svansele-lustro-zloty-kolor__0898210_pe813213_s3.jpg,https://www.ikea.com/pl/pl/p/-70479291
https://www.ikea.com/pl/pl/images/products/nissedal-lustro-bialy__0637801_pe698597_s3.jpg,https://www.ikea.com/pl/pl/p/-30320316
https://www.ikea.com/pl/pl/images/products/toftbyn-lustro-bialy__0833086_pe777947_s3.jpg,https://www.ikea.com/pl/pl/p/-50459147
https://www.ikea.com/pl/pl/images/products/hovet-lustro-czarny__1100010_pe866038_s3.jpg,https://www.ikea.com/pl/pl/p/-70515915
https://www.ikea.com/pl/pl/images/products/songe-lustro-srebrny__0962564_pe808137_s3.jpg,https://www.ikea.com/pl/pl/p/-60468429
https://www.ikea.com/pl/pl/images/products/ramebo-lustro-zloty-kolor__1038791_pe839882_s3.jpg,https://www.ikea.com/pl/pl/p/-20471264
https://www.ikea.com/pl/pl/images/products/ikornnes-lustro-stojace-jesion__0633524_pe695900_s3.jpg,https://www.ikea.com/pl/pl/p/-30298396
https://www.ikea.com/pl/pl/images/products/hovet-lustro-aluminium__0633569_pe695903_s3.jpg,https://www.ikea.com/pl/pl/p/-50038213
https://www.ikea.com/pl/pl/images/products/lerboda-ramka-zloty-kolor__0804964_pe769413_s3.jpg,https://www.ikea.com/pl/pl/p/-60470936
https://www.ikea.com/pl/pl/images/products/virserum-ramka-zloty-kolor__0638571_pe699014_s3.jpg,https://www.ikea.com/pl/pl/p/-40378533
https://www.ikea.com/pl/pl/images/products/silverhoejden-ramka-zloty-kolor__0633544_pe695926_s3.jpg,https://www.ikea.com/pl/pl/p/-40370396
https://www.ikea.com/pl/pl/images/products/skatteby-ramka-czarny__0638542_pe698989_s3.jpg,https://www.ikea.com/pl/pl/p/-20311505
https://www.ikea.com/pl/pl/images/products/knoppaeng-ramka-bialy__0660786_pe711200_s3.jpg,https://www.ikea.com/pl/pl/p/-20427290
https://www.ikea.com/pl/pl/images/products/edsbruk-ramka-bialy__0706492_pe725880_s3.jpg,https://www.ikea.com/pl/pl/p/-30427322
https://www.ikea.com/pl/pl/images/products/silverhoejden-ramka-zloty-kolor__0638525_pe698985_s3.jpg,https://www.ikea.com/pl/pl/p/-50370409
https://www.ikea.com/pl/pl/images/products/knoppaeng-ramka-czarny__0638255_pe698805_s3.jpg,https://www.ikea.com/pl/pl/p/-90387120
https://www.ikea.com/pl/pl/images/products/baggmuck-mata-na-buty-do-wewnatrz-na-zewnatrz-szary__0711829_pe728506_s3.jpg,https://www.ikea.com/pl/pl/p/-60329711
https://www.ikea.com/pl/pl/images/products/hemnes-lawka-z-polkami-na-buty-bialy__0710733_pe727751_s3.jpg,https://www.ikea.com/pl/pl/p/-00243800
https://www.ikea.com/pl/pl/images/products/tjusig-lawka-z-polkami-na-buty-bialy__0710725_pe727746_s3.jpg,https://www.ikea.com/pl/pl/p/-70152702
https://www.ikea.com/pl/pl/images/products/omtaenksam-lyzka-do-butow-antracyt__0811612_pe771730_s3.jpg,https://www.ikea.com/pl/pl/p/-70378070
https://www.ikea.com/pl/pl/images/products/skadis-spinacz-bialy__0710524_pe727602_s3.jpg,https://www.ikea.com/pl/pl/p/-00321614
https://www.ikea.com/pl/pl/images/products/samla-pojemnik-z-pokrywka-przezroczysty__0711814_pe728493_s3.jpg,https://www.ikea.com/pl/pl/p/-s69440836
https://www.ikea.com/pl/pl/images/products/samla-pojemnik-z-pokrywka-przezroczysty__0711815_pe728494_s3.jpg,https://www.ikea.com/pl/pl/p/-s09440839
https://www.ikea.com/pl/pl/images/products/variera-pudelko-bialy__0113067_pe265130_s3.jpg,https://www.ikea.com/pl/pl/p/-30155019
https://www.ikea.com/pl/pl/images/products/kuggis-pojemnik-z-pokrywka-bialy__0990578_pe819376_s3.jpg,https://www.ikea.com/pl/pl/p/-40485854
https://www.ikea.com/pl/pl/images/products/kuggis-pojemnik-z-pokrywka-bialy__0713062_pe729166_s3.jpg,https://www.ikea.com/pl/pl/p/-20280207
https://www.ikea.com/pl/pl/images/products/kuggis-pojemnik-z-pokrywka-bialy__1021124_pe832058_s3.jpg,https://www.ikea.com/pl/pl/p/-10501285
https://www.ikea.com/pl/pl/images/products/nimm-pojemnik-z-pokrywa-szarozielony__1136755_pe879854_s3.jpg,https://www.ikea.com/pl/pl/p/-00538755
https://www.ikea.com/pl/pl/images/products/uppdatera-pojemnik-jasny-bambus__1029005_pe835616_s3.jpg,https://www.ikea.com/pl/pl/p/-40520720
https://www.ikea.com/pl/pl/images/products/uppdatera-pojemnik-jasny-bambus__1029002_pe835614_s3.jpg,https://www.ikea.com/pl/pl/p/-80520718
https://www.ikea.com/pl/pl/images/products/stuk-pudelko-z-przegrodkami-bialy__0920346_pe786986_s3.jpg,https://www.ikea.com/pl/pl/p/-60474425
https://www.ikea.com/pl/pl/images/products/komplement-pudelko-jasnoszary__0582211_pe670679_s3.jpg,https://www.ikea.com/pl/pl/p/-40405777